Area,Year,Savanna fires,Forest fires,Crop Residues,Rice Cultivation,Drained organic soils (CO2),Pesticides Manufacturing,Food Transport,Forestland,Net Forest conversion,Food Household Consumption,Food Retail,On-farm Electricity Use,Food Packaging,Agrifood Systems Waste Disposal,Food Processing,Fertilizers Manufacturing,IPPU,Manure applied to Soils,Manure left on Pasture,Manure Management,Fires in organic soils,Fires in humid tropical forests,On-farm energy use,Rural population,Urban population,Total Population - Male,Total Population - Female,total_emission
Albania,1990,5.5561,7.0253,59.2391,23.52,110.5705,2.0,46.9645,72.8581,0.0,16.0124,8.3013,45.2103,2.85,444.4512,131.56912352369383,356.4910168671663,767.1456,196.644,383.3071,474.6951,0.0,0.0,320.8805,2086075.0,1195379.0,1676902.0,1618163.0,3475.2912403908595
Albania,1991,5.5561,7.0253,31.4625,6.272,110.5705,2.0,47.9519,72.8581,0.0,11.4657,2.7448,18.4951,3.2048,443.8552,131.56912352369383,2903.861148947865,628.6596,194.1851,394.0694,469.1415,0.0,0.0,195.1879,2073348.0,1202083.0,1675168.0,1626914.0,5680.135772471558
Albania,1992,5.5561,7.0253,29.9373,1.8816,110.5705,2.0,40.5272,72.8581,0.0,7.9077,3.4281,4.2558,3.67,445.0997,131.56912352369383,2903.861148947865,247.2039,187.3747,400.0541,453.218,0.0,0.0,163.1332,2033508.0,1207079.0,1670550.0,1633189.0,5221.131572471559
Albania,1993,5.5561,7.0253,44.055,1.0976,110.5705,2.0,57.6592,72.8581,0.0,16.5217,7.0102,8.6999,4.4197,446.7996,131.56912352369383,2903.861148947865,263.8111,198.8094,426.4171,481.3836,0.0,0.0,126.8489,1983942.0,1205641.0,1663515.0,1637195.0,5316.973272471559
Albania,1994,5.5561,7.0253,42.4253,0.0,110.5705,3.0,72.4242,72.8581,0.0,17.5634,5.7802,3.0976,5.1834,449.4347,131.56912352369383,2903.861148947865,212.3739,260.3013,546.0098,620.2991,0.0,0.0,94.9545,1936056.0,1204539.0,1654796.0,1639203.0,5564.287672471559
Albania,1995,5.5561,7.0253,41.8325,0.0,110.5705,3.0,72.6921,72.8581,0.0,11.5553,4.2759,2.1529,7.335,447.8827,0.6125,2903.861148947865,278.2638,267.2151,546.7428,639.6531,0.0,0.0,159.2865,1897862.0,1208874.0,1644902.0,1639462.0,5582.371348947865
Albania,1996,1.3469,13.3278,33.198,283.1808479179501,110.5705,1.0,71.2259,72.8581,0.0,9.3235,4.6712,1.7525,7.9181,465.3796,3.2397,377.4078995531106,266.1984,258.4452,463.034,634.9354,0.0,0.0,152.9432,1871645.0,1220583.0,1633759.0,1637572.0,3231.9567474710607
Albania,1997,2.1229,33.0916,39.3092,265.0979164345904,110.5705,3.0,56.8044,72.8581,0.0,11.2326,4.587,0.9439,8.9597,470.1376,3.0681,377.4078995531106,199.1235,242.0952,433.5541,586.4313,0.0,0.0,114.7685,1854740.0,1238301.0,1620795.0,1632924.0,3035.1640159877006
Albania,1998,2.0621,16.2832,39.6395,265.0979164345904,110.5705,3.0,85.6565,72.8581,0.0,15.1067,6.3115,1.1513,10.6203,480.3688,11.2535,377.4078995531106,193.1484,230.3143,411.2509,558.9183,0.0,0.0,142.2189,1843604.0,1260155.0,1606618.0,1625558.0,3033.2386159877015
Albania,1999,4.3004,13.1604,32.5077,265.0979164345904,110.5335,3.0,149.6106,72.8581,0.0,49.6806,8.2905,5.6954,18.4534,490.0383,22.653,377.4078995531106,223.296,235.6159,427.8384,570.9723,0.0,0.0,255.629,1832914.0,1282662.0,1592223.0,1616037.0,3336.6393159877007
Albania,2000,3.6511,77.5332,36.5125,265.0979164345904,110.5335,4.0,177.8994,72.8581,0.0,64.9993,11.1932,9.52,15.9217,500.1149,35.7348,377.4078995531106,245.5081,242.0615,428.1167,589.8215,0.0,0.0,248.0653,1818833.0,1303137.0,1577591.0,1604429.0,3516.550615987701
Albania,2001,1.9526,0.0,32.3623,265.0979164345904,110.4958,4.0,178.7129,-1233.2859,0.0,73.238,15.2996,10.2805,16.2661,522.9138,49.5545,377.4078995531106,160.1936,237.7039,413.9378,581.1037,0.0,0.0,256.966,1797423.0,1324985.0,1562949.0,1590663.0,2074.201015987701
Albania,2002,0.0,0.0,33.0862,265.0979164345904,110.4958,4.0,197.9949,-1233.2859,0.0,93.955,20.1063,13.6421,16.708,522.1916,62.7811,377.4078995531106,178.0886,235.2513,394.7005,573.1597,0.0,0.0,283.2915,1762229.0,1356800.0,1548482.0,1575069.0,2148.6725159877005
Albania,2003,5.4779,1.0403,30.8372,265.0979164345904,110.4506,1.0,226.6981,-1233.2859,0.0,73.6972,25.5938,4.4671,12.2584,522.9161,74.7292,377.4078995531106,514.5821,238.4207,406.497,583.0632,0.0,0.0,78.2231,1724344.0,1386661.0,1534566.0,1558425.0,2319.171915987701
Albania,2004,0.2327,0.0,31.1048,265.0979164345904,110.4274,4.0,217.0101,-1233.2859,0.0,80.9737,33.4117,1.4195,14.4652,545.0646,90.0537,377.4078995531106,523.7442,234.0604,383.9029,572.0793,0.0,0.0,297.6188,1683584.0,1414163.0,1521272.0,1541351.0,2548.7889159877013
Albania,2005,2.6359,0.0,31.8313,265.0979164345904,110.4274,0.0,272.6528,-1233.2859,0.0,32.1791,45.9153,0.4504,13.9176,555.9565,105.8505,377.4078995531106,496.1337,233.1291,379.7148,568.5319,0.0,0.0,273.2676,1640246.0,1438933.0,1508427.0,1524207.0,2531.8138159877008
Albania,2006,0.603,0.0,30.7903,265.0979164345904,110.4274,0.0,222.3144,-1233.2859,0.0,107.6431,45.4328,0.6004,16.9902,554.8915,121.435,377.4078995531106,501.0019,227.8128,379.62,555.8587,0.0,0.0,460.8339,1593892.0,1460439.0,1496029.0,1507358.0,2745.475315987701
Albania,2007,48.5872,6.5028,30.1526,265.0979164345904,110.4274,42.06774574412039,258.5925,-1233.2859,0.0,103.2809,51.291,0.726,20.5753,593.4196,138.7823,377.4078995531106,685.4249,219.6977,363.1646,524.7509,0.0,0.0,259.6174,1545166.0,1478741.0,1484648.0,1491436.0,2866.280761731821
Albania,2008,4.5639,0.0,37.119,259.19722621124515,110.4274,0.0,279.7287,-1233.2859,0.0,122.4814,62.4115,3.0245,22.9737,604.0795,129.0643,377.4078995531106,727.2608,211.9634,344.7775,496.0448,0.0,0.0,239.5122,1496108.0,1495543.0,1474662.0,1477027.0,2798.751825764356
Albania,2009,1.7011,1.3002,37.8726,248.06149701135485,110.4274,4.0,273.8879,-1233.2859,0.0,119.7744,62.0187,0.1336,24.3511,596.5965,99.2571,377.4078995531106,814.7647,203.9135,327.9446,477.5953,0.0,0.0,236.7072,1449427.0,1513208.0,1466053.0,1464488.0,2784.429396564465
Albania,2010,2.4143,0.0,39.5498,248.06149701135485,109.774,7.0,277.187,-1233.2859,0.0,137.5797,71.1151,0.2406,27.3674,640.5573,122.7233,377.4078995531106,1103.9133,205.6973,330.4915,482.3426,0.0,0.0,235.4481,1406665.0,1533860.0,1459102.0,1454297.0,3185.5847965644653
Albania,2011,13.9484,2.471,40.0999,248.06149701135485,109.8112,6.0,275.3115,-961.0391,0.0,123.709,75.1379,0.9174,27.6027,617.6381,132.4256,377.4078995531106,1258.9436,207.0069,323.6477,482.0319,0.0,0.0,290.2752,1368297.0,1558362.0,1453895.0,1446759.0,3651.4082965644657
Albania,2012,20.8187,4.0312,39.986,248.06149701135485,109.8112,4.0,265.4062,-961.0391,0.0,125.0822,76.6453,1.0605,29.7415,637.9198,134.3208,377.4078995531106,1327.5173,205.4466,335.0031,487.3965,0.0,0.0,244.5953,1333585.0,1586454.0,1450370.0,1441822.0,3713.212496564464
Bosnia and Herzegovina,1992,7.6746,15.6428,64.13,248.06149701135485,119.1424,89.0,191.3024,3203.3578,0.0,302.8286,311.7355,21.577,6.8515,232.1286,131.56912352369383,44.3409,689.4861,194.9336,183.5467,483.1249,0.0,0.0,13.5567,2548290.0,1690864.0,2109222.0,2166508.0,6553.990720535048
Bosnia and Herzegovina,1993,7.6746,15.6428,58.4441,248.06149701135485,119.1424,128.0,98.4583,3203.3578,0.0,453.3018,171.1046,27.1269,12.7462,225.8187,140.02960340048548,47.495,407.4779,182.0823,173.5899,451.4972,0.0,0.0,9.9383,2444790.0,1643209.0,1929366.0,2013614.0,6180.98990041184
Bosnia and Herzegovina,1994,7.6746,15.6428,51.7478,248.06149701135485,119.1424,37.0,110.5729,3203.3578,0.0,107.706,70.0258,2.9663,0.6948,366.5928,131.56912352369383,52.355,361.0028,172.0524,159.9533,438.9548,0.0,0.0,11.4719,2349300.0,1599516.0,1830752.0,1931579.0,5668.544820535048
Bosnia and Herzegovina,1995,7.6746,15.6428,44.3884,248.06149701135485,118.8237,39.0,116.8118,3203.3578,0.0,62.1621,17.4986,3.4543,1.3672,438.3674,131.56912352369383,56.2347,337.0525,143.5495,138.2433,367.1055,0.0,0.0,11.8187,2274813.0,1568899.0,1822525.0,1928002.0,5502.183520535048
Bosnia and Herzegovina,1996,1.8913,9.7853,49.332,248.06149701135485,117.8678,42.0,119.6749,3203.3578,0.0,97.305,25.736,5.6416,1.913,498.9504,131.56912352369383,61.0266,302.9915,119.2013,123.2831,306.6884,0.0,0.0,12.1815,2225526.0,1554852.0,1901095.0,2006656.0,5478.458120535048
Bosnia and Herzegovina,1997,1.3114,8.9145,70.042,248.06149701135485,117.8678,64.0,124.3452,3203.3578,0.0,230.3378,68.737,16.8955,6.8359,553.3582,131.56912352369383,66.2523,363.7022,144.2887,147.3223,360.1655,0.0,0.0,12.578,2197363.0,1555068.0,1971607.0,2076142.0,5939.942720535049
Bosnia and Herzegovina,1998,4.7591,66.7655,76.7749,248.06149701135485,118.7727,74.0,165.0347,3203.3578,0.0,344.7163,108.5876,26.2751,15.4112,601.7692,131.56912352369383,71.2047,517.4781,157.5987,147.316,388.428,0.0,0.0,15.4675,2184476.0,1566009.0,2005951.0,2109108.0,6483.347720535049
Bosnia and Herzegovina,1999,2.5791,25.8698,76.1672,248.06149701135485,117.8698,70.0,160.1485,3203.3578,0.0,316.5818,117.6151,21.8558,40.7103,641.2072,20.6155,76.803,794.3773,166.7478,153.7899,405.3614,0.0,0.0,15.3478,2177706.0,1581412.0,2025390.0,2127624.0,6675.066597011355
Bosnia and Herzegovina,2000,15.9476,145.5791,59.2872,248.06149701135485,120.7101,75.0,252.8784,3203.3578,0.0,328.1523,149.218,26.2644,88.7019,667.0798,47.3919,80.9771,1000.4787,175.9113,154.5777,429.6702,0.0,0.0,19.0902,2170238.0,1596468.0,2038674.0,2140676.0,7288.335197011355
Bosnia and Herzegovina,2001,4.8335,2.9926,65.8959,248.06149701135485,120.7101,72.0,261.517,292.8133,0.0,322.0333,169.7515,27.3489,118.6205,695.015,69.2279,85.8138,939.1438,172.8816,152.1227,423.2921,0.0,0.0,19.7198,2161008.0,1610276.0,2046480.0,2148452.0,4263.794797011355
Bosnia and Herzegovina,2002,0.7538,2.7334,72.6571,248.06149701135485,120.7101,78.0,255.6033,292.8133,0.0,349.0159,202.8885,31.566,162.8571,719.8198,99.6875,130.6884,958.0505,168.4034,146.1456,409.0269,0.0,0.0,19.666,2151678.0,1624129.0,2048780.0,2149630.0,4469.148097011355
Bosnia and Herzegovina,2003,20.9896,27.2006,48.9832,248.06149701135485,120.7101,70.0,261.5406,292.8133,0.0,368.5885,236.9073,34.6258,195.8092,745.5181,128.8905,132.6439,1053.5364,176.1958,158.1304,436.7722,0.0,0.0,20.1453,2141685.0,1637562.0,2042127.0,2141631.0,4778.062297011355
Bosnia and Herzegovina,2004,2.9995,10.0226,78.6314,248.06149701135485,120.7101,43.0,312.3218,292.8133,0.0,318.4364,322.4123,31.0358,211.9877,767.9297,142.2893,128.5148,1245.9033,182.9404,171.5519,454.342,0.0,0.0,23.7128,2130843.0,1650444.0,2021970.0,2120890.0,5109.616597011355
Bosnia and Herzegovina,2005,0.4806,1.8222,73.3382,248.06149701135485,120.7101,39.0,309.4281,292.8133,0.0,349.3336,382.9065,33.5427,229.63,783.0833,164.2277,127.8801,1393.5155,190.9264,173.8774,474.7001,0.0,0.0,23.1835,2118996.0,1662534.0,1997892.0,2096405.0,5412.460797011356
Bosnia and Herzegovina,2006,2.8621,11.0622,72.5621,259.19722621124515,120.7101,51.0,382.6438,292.8133,0.0,377.5714,386.4548,35.9867,263.2753,796.9428,204.1664,132.2581,1540.5344,211.9561,191.7791,514.0898,0.0,0.0,30.2204,2105827.0,1673641.0,1979755.0,2078331.0,5878.086126211245
Bosnia and Herzegovina,2007,20.7967,0.3905,59.5981,248.06149701135485,120.9238,48.0,408.6945,292.8133,0.0,444.4126,472.3357,42.4835,378.0949,811.7695,269.4949,127.2729,1644.7267,199.9731,185.4578,467.1143,0.0,0.0,32.3901,2090767.0,1683233.0,1955141.0,2052735.0,6274.804397011356
Bosnia and Herzegovina,2008,5.8686,10.9337,73.9322,248.06149701135485,120.9238,77.0,453.1172,292.8133,0.0,393.6091,515.8264,45.082,311.4299,824.3765,254.3625,128.0745,1835.1217,197.7248,182.9046,453.3982,0.0,0.0,36.9522,2072991.0,1690608.0,1923825.0,2019566.0,6461.512697011354
Bosnia and Herzegovina,2009,0.5544,1.1714,72.1992,248.06149701135485,120.3916,73.0,471.3831,292.8133,0.0,401.1987,557.2913,55.2818,264.097,831.9295,158.7226,133.6381,1708.4961,204.1759,184.239,461.0528,0.0,0.0,38.799,2051664.0,1694897.0,1891814.0,1985936.0,6278.496297011355
Bosnia and Herzegovina,2010,1.0475,2.8634,58.2402,253.32767774574043,120.3916,69.0,467.6428,292.8133,0.0,366.7771,593.3047,65.9048,281.2016,837.6216,168.2784,91.4461,1870.7963,209.997,182.6836,467.681,0.0,0.0,38.1398,2026365.0,1695719.0,1859263.0,1951825.0,6439.158477745741
Bosnia and Herzegovina,2011,10.7541,21.6048,60.5255,248.06149701135485,120.3916,88.0,474.154,-3767.8133,0.0,487.0158,689.625,93.8499,354.6703,841.3993,233.7571,247.8908,1818.2451,199.9621,178.7458,450.1958,0.0,0.0,38.9113,1996478.0,1692387.0,1826158.0,1916984.0,2889.946497011356
Bosnia and Herzegovina,2012,21.471,16.2674,52.3714,248.06149701135485,120.3916,88.0,453.3883,-3767.8133,0.0,493.6236,735.4991,89.8202,361.0976,842.8296,281.8003,182.9121,1837.5423,196.6759,175.0657,435.9508,0.0,0.0,36.9947,1962769.0,1685431.0,1792508.0,1881866.0,2901.9497970113557
Croatia,1992,5.4977,6.943,132.1468,471.25989242353194,8.1671,70.0,212.1313,-1254.6691,389.5191,243.9603,137.9704,52.0784,290.0692,246.3364,496.6852,0.203,3552.5961,258.2632,175.7193,699.5232,0.0,0.0,710.1933,2291265.0,2441597.0,2317061.0,2481260.0,6904.593792423533
Croatia,1993,5.4977,6.943,153.3005,552.3591620489827,8.1671,71.0,222.1986,-1254.6691,389.5191,265.7709,154.3963,45.7305,284.835,246.6244,499.4203,1.9782,3189.5341,251.445,170.1575,681.262,0.0,0.0,707.1647,2263358.0,2434177.0,2314050.0,2478352.0,6652.634962048983
Croatia,1994,5.4977,6.943,144.7966,539.9813678801127,8.1671,77.0,235.3164,-1254.6691,389.5191,213.4368,132.2813,29.7132,292.4724,250.5282,468.9641,29.6988,3476.3263,245.0217,152.5955,683.5182,0.0,0.0,718.1065,2233490.0,2424312.0,2327809.0,2491617.0,6845.215167880115
Croatia,1995,5.4977,6.943,153.5796,552.3591620489827,8.1671,81.0,256.3909,-1254.6691,389.5191,251.3376,168.6684,32.4614,250.9815,467.312,553.6439,16.253,3189.4427,223.3171,147.4937,624.3372,0.0,0.0,645.7711,2203185.0,2413578.0,2321763.0,2485337.0,6769.8070620489825
Croatia,1996,3.1437,3.8884,149.942,552.3591620489827,7.848,74.0,254.0654,-1254.6691,389.5191,261.1356,164.0976,30.8101,243.1247,526.1014,552.0323,80.6307,3281.3911,220.9137,139.1929,607.0188,0.0,0.0,586.3368,2172661.0,2402226.0,2296738.0,2461890.0,6872.882362048982
Croatia,1997,4.7094,15.1711,168.3342,552.3591620489827,7.848,62.0,293.0713,-1254.6691,389.5191,317.2174,182.5684,34.3162,285.9013,575.4617,676.0668,147.0928,3303.3348,216.0097,138.2523,595.3221,0.0,0.0,663.3856,2142075.0,2390324.0,2271401.0,2439972.0,7373.272262048982
Croatia,1998,11.9159,72.591,178.5428,541.3281475337155,7.848,64.0,309.2962,-1254.6691,389.5191,337.8942,200.2463,40.1503,271.5218,624.0076,735.6047,214.335,2758.7475,209.6436,132.1992,583.1706,0.0,0.0,725.5662,2112611.0,2379291.0,2243724.0,2416209.0,7153.459047533716
Croatia,1999,3.5645,3.4033,157.5982,552.3591620489827,7.2103,52.0,328.9435,-1254.6691,389.5191,347.0462,196.4173,37.6112,289.3229,662.711,711.9089,284.9202,3196.017,221.0238,134.9697,622.932,0.0,0.0,927.6154,2085692.0,2370741.0,2214120.0,2391209.0,7872.424562048982
Croatia,2000,12.9739,16.7408,138.4533,476.4450995683408,7.2103,38.0,329.9172,-1254.6691,389.5191,329.7431,196.9,39.5622,251.455,688.9408,597.3101,350.9302,3435.5244,204.0007,134.95,579.701,0.0,0.0,956.4293,2062239.0,2365833.0,2183182.0,2365252.0,7920.037399568339
Croatia,2001,9.368,0.9111,159.2508,585.2612788895616,9.3579,39.0,335.1532,-1087.3632,244.3965,347.5387,231.8034,42.1346,270.4043,1037.3897,640.2361,419.9409,3375.8408,206.7055,138.9182,584.0453,0.0,0.0,894.6142,2043497.0,2364583.0,2161272.0,2345487.0,8484.907278889563
Croatia,2002,1.654,1.6923,171.4302,585.2612788895616,9.039,39.0,358.2762,-1087.3632,244.3965,396.6955,278.974,49.5662,280.8394,1261.7602,723.0249,491.8147,3391.7713,205.923,138.6455,589.0484,0.0,0.0,830.2333,2030408.0,2365411.0,2149735.0,2333133.0,8961.682678889561
Croatia,2003,8.6901,1.1716,118.7138,367.62046863418067,9.039,45.0,407.94,-1087.3632,244.3965,422.6496,339.8903,50.6901,264.7707,1029.4297,694.7473,300.2849,3474.8926,209.8209,141.6607,599.5607,0.0,0.0,841.9518,2019844.0,2369102.0,2139514.0,2321624.0,8485.55756863418
Croatia,2004,0.7834,1.1717,159.6081,541.9204707435823,7.4439,50.0,432.6689,-1087.3632,244.3965,376.9405,313.2523,39.4443,198.4778,1698.8518,660.1233,362.1858,4258.241,224.1405,160.2731,638.2681,0.0,0.0,778.268,2010143.0,2373777.0,2131459.0,2311891.0,10059.09627074358
Croatia,2005,1.3419,3.1239,155.1121,530.8894562283151,7.4439,47.0,452.2129,-1087.3632,244.3965,409.1628,338.8055,43.5388,198.0258,1279.8416,721.0636,743.736,4221.4537,209.9018,167.534,581.3009,0.0,0.0,792.7547,2000102.0,2377955.0,2125584.0,2304098.0,10061.276656228314
Croatia,2006,1.5566,0.0,164.0305,541.9204707435823,7.4439,41.0,482.2907,-1087.3632,244.3965,419.0687,349.0568,45.9802,200.3049,1157.8518,732.9231,784.8384,4512.9924,223.8905,157.1199,638.166,0.0,0.0,801.4769,1989394.0,2381305.0,2120684.0,2296876.0,10418.94507074358
Croatia,2007,10.4192,4.9462,140.4926,537.4146503474223,9.9107,55.0,519.1079,-1087.3632,244.3965,466.7159,406.0491,58.6178,223.982,1181.7594,755.5219,792.8237,4751.8381,214.7853,151.6768,604.6297,0.0,0.0,785.2761,1978228.0,2384038.0,2116036.0,2289496.0,10828.000350347422
Croatia,2008,4.2959,5.988,187.1756,585.2612788895616,9.9107,57.0,515.675,-1087.3632,244.3965,463.7907,394.3963,52.8213,199.7873,900.6109,846.6884,818.3715,4596.7561,197.0964,147.8831,540.5634,0.0,0.0,835.8299,1966449.0,2385979.0,2111532.0,2282132.0,10516.93507888956
Croatia,2009,1.4818,1.0413,178.2517,585.2612788895616,9.9107,43.0,514.7552,-1087.3632,244.3965,413.7067,348.9356,42.0302,157.9324,909.3414,656.1133,605.889,3478.4078,201.7871,144.002,564.5261,0.0,0.0,819.9418,1954051.0,2387033.0,2107410.0,2274720.0,8833.34867888956
Croatia,2010,0.1059,0.2604,155.2461,585.2612788895616,9.9107,34.0,497.2652,-1087.3632,244.3965,387.7592,367.4103,33.5015,143.7646,917.8887,655.2966,788.355,3768.9591,192.5383,143.1303,537.083,0.0,0.0,797.7549,1940974.0,2387179.0,2102739.0,2265943.0,9172.524378889564
Croatia,2011,8.1503,17.1817,150.7619,585.2612788895616,9.9107,39.0,488.8984,-1510.916,0.0,427.8978,451.9084,48.276,151.7095,932.2391,712.0117,758.891,3542.0837,188.9931,143.8239,533.2637,0.0,0.0,813.436,1927119.0,2386252.0,2096593.0,2255249.0,8492.782178889562
Croatia,2012,8.6645,3.905,148.413,585.2612788895616,9.9107,39.0,480.0706,-1510.916,0.0,409.8845,438.3072,43.2015,135.5556,934.723,640.7055,705.6144,3393.8721,186.8654,148.011,523.7984,0.0,0.0,745.286,1911684.0,2384842.0,2088824.0,2242771.0,8070.13367888956
Greece,1990,15.9779,28.832,263.6059,232.848,1292.2724,63.0,1222.2863,-2343.0551,0.0,3067.4234,1257.2744,1573.8974,999.6016,4587.9338,1632.2031,255.5233,12275.0915,400.7533,1371.8154,905.5095,0.0,0.0,3123.1095,2924228.0,7324309.0,5093238.0,5209017.0,32225.9036
Greece,1991,15.9779,28.832,359.1405,228.6144,1292.2724,57.0,1282.8155,-2343.0551,0.0,3212.1559,1289.0554,1267.2046,962.9075,4655.0128,1649.2311,254.6647,11726.8844,383.6684,1357.9417,859.3356,0.0,0.0,3387.5998,2933448.0,7408444.0,5143099.0,5248449.0,31927.259499999996
Greece,1992,15.9779,28.832,292.9566,203.2128,1292.2724,48.0,1309.8295,-2343.0551,0.0,3515.2857,1376.7322,1610.9957,962.9228,4714.0079,1744.8077,249.8817,11545.3252,381.7885,1355.5441,851.7217,0.0,0.0,3156.5516,2951819.0,7499598.0,5191940.0,5286448.0,32313.590899999996
Greece,1993,15.9779,28.832,280.479,285.4293,1292.3418,91.0,1322.6692,-2343.0551,0.0,3383.5019,1078.3835,1977.3793,1002.0279,4757.6952,1768.9351,244.3657,11461.273,385.2588,1352.6303,866.468,0.0,0.0,3068.21,2972377.0,7597045.0,5240056.0,5323385.0,32319.8028
Greece,1994,15.9779,28.832,304.5069,334.1722,1291.9837,57.0,1345.1508,-2343.0551,0.0,3446.043,1140.3839,1974.5023,936.657,4795.5409,1779.7618,247.8073,11594.3207,384.2596,1354.2856,861.5858,0.0,0.0,3091.2632,2991936.0,7692882.0,5287470.0,5359947.0,32640.979500000005
Greece,1995,15.9779,28.832,286.8704,368.3938,1298.2352,14.0,1198.1592,-2343.0551,0.0,3667.2197,1008.7505,1924.7069,1024.9366,4858.3177,1860.7805,246.4423,12750.1429,384.2589,1363.4524,860.8546,0.0,0.0,2876.8679,3008228.0,7781147.0,5332490.0,5395436.0,33694.1443
Greece,1996,17.3415,30.7426,280.8765,403.7584,1297.8189,22.0,1230.1251,-2343.0551,0.0,3479.0236,985.0892,1892.6864,1052.8891,4998.2754,1868.257,248.9887,12976.7825,384.1258,1379.7498,853.6499,0.0,0.0,2935.4914,3020671.0,7860241.0,5374143.0,5429663.0,33994.6167
Greece,1997,18.4929,36.4084,282.6071,410.4475,1297.5322,54.0,1279.3666,-2343.0551,0.0,3446.2672,1103.35,2002.9187,1111.4234,5061.1207,1849.0882,252.8606,12949.6418,383.4337,1385.3717,848.4304,0.0,0.0,2934.9401,3029834.0,7931289.0,5413066.0,5462208.0,34364.6461
Greece,1998,46.3721,230.1278,267.7951,370.4541,1296.9555,50.0,1408.7487,-2343.0551,0.0,3445.3406,1241.1635,2123.3533,999.9844,5108.4051,1967.9051,255.2832,13376.4033,385.036,1386.9014,852.933,0.0,0.0,2937.9759,3035811.0,7994582.0,5448020.0,5491456.0,35408.083
Greece,1999,13.9544,19.1108,261.8365,329.4164,1294.9865,85.0,1431.0551,-2343.0551,0.0,3546.0905,1339.7178,2038.3226,1047.3262,5117.572,1893.478,259.6131,13957.6231,385.8658,1391.6546,853.285,0.0,0.0,2933.4349,3039083.0,8051183.0,5477051.0,5516810.0,35856.28820000001
Greece,2000,24.8518,52.2943,282.9989,281.9295,1294.2022,57.0,1345.6543,-2343.0551,0.0,3916.1459,1551.5985,2438.298,928.3127,5596.6945,2130.1308,258.92,12949.0707,395.8865,1396.8474,871.6365,0.0,0.0,2930.0052,3040042.0,8102077.0,5499682.0,5538426.0,36359.4226
Greece,2001,3.8637,0.13,281.0827,297.8761,1293.678,141.0,1411.3783,-2492.9623,0.0,4078.0654,1788.7166,2367.4567,960.6705,5540.381,2080.5686,260.3085,10265.6001,388.6764,1401.5239,833.8963,0.0,0.0,2972.4515,3029532.0,8154866.0,5516119.0,5556062.0,33874.362
Greece,2002,1.6276,0.7795,273.2347,317.0261,1293.0059,125.0,1440.8646,-2492.9623,0.0,4079.5162,1942.6802,2070.3332,959.1083,3665.6624,2102.1504,262.8443,12162.8507,383.3858,1414.3623,814.399,0.0,0.0,3252.8404,2994553.0,8222245.999999999,5526897.0,5569720.0,34068.709299999995
Greece,2003,0.8991,0.0,260.453,329.0213,1291.4311,82.0,1517.1492,-2492.9623,0.0,3949.103,2123.8487,2218.6158,936.1344,6749.8928,2629.168,266.7767,12111.5982,381.8142,1408.4836,798.5592,0.0,0.0,3486.8289,2958243.0,8285324.000000001,5531409.0,5579078.0,38048.814900000005
Greece,2004,1.6291,0.6499,282.1844,334.3556,1290.4435,55.0,1543.2854,-2492.9623,0.0,4061.2715,2353.3265,2220.0521,977.0543,3769.5505,2445.0997,258.4727,12117.4938,390.8712,1401.3543,850.9291,0.0,0.0,2983.6937,2922112.0,8348364.0,5530181.0,5584909.0,34843.755000000005
Greece,2005,1.6562,0.0,280.0129,314.3448,1289.8907,74.0,1574.3199,-2492.9623,0.0,4079.9727,2811.6376,2331.5351,1007.5613,3918.5649,2321.0687,176.9967,12409.0806,387.5377,1373.1118,840.1004,0.0,0.0,3047.4909,2887279.0,8413925.0,5524543.0,5588904.0,35745.9206
Greece,2006,7.7357,5.0695,259.4871,327.7794,1289.2788,5.0,1633.19,-2492.9623,0.0,4026.1685,2917.7714,2024.7158,870.2962,4092.2433,2411.4809,194.9446,10878.945,386.881,1363.2924,826.9827,0.0,0.0,3202.264,2854291.0,8484479.0,5515042.0,5591051.0,34230.564
Greece,2007,119.5069,69.3946,254.1498,361.112,1288.1872,163.0,1689.3601,-2492.9623,0.0,4355.2396,3312.4273,2209.159,1086.263,4223.2271,2481.6991,199.0372,10835.0746,388.6158,1365.8367,828.0525,0.0,0.0,2890.572,2822571.0,8558326.0,5501219.0,5590274.0,35626.9522
Greece,2008,14.735,6.1063,302.4191,354.6487,1287.1969,137.0,1638.3682,-2492.9623,0.0,4501.5344,3555.2719,2362.9137,940.1943,4387.3677,2419.1323,149.7218,10555.1363,387.0619,1364.0469,819.0124,0.0,0.0,2795.394,2790077.0,8629570.0,5485148.0,5588476.0,35484.2995
Greece,2009,17.6406,0.26,291.709,395.6017,1286.11,85.0,1842.4681,-2492.9623,0.0,4400.3467,3573.8749,1857.8528,845.5883,4548.8257,2268.8425,109.4387,8995.8841,378.9956,1346.4931,807.1171,0.0,0.0,2213.1693,2754332.0,8689496.0,5468239.0,5587257.0,32772.25589999999
Greece,2010,3.5502,0.0,264.718,424.0938,1284.9632,126.0,1654.2245,-2492.9623,0.0,4437.8056,3592.634,1950.7872,948.7209,4701.9637,2136.7762,161.2149,8891.7075,378.6444,1360.3904,811.1242,0.0,0.0,1959.7144,2713565.0,8732440.0,5449537.0,5584246.0,32596.0708
Greece,2011,12.6686,15.3448,267.9941,436.2866,1284.3191,216.0,1476.2052,0.0,0.0,4449.4491,3589.5599,1802.1667,717.7922,4841.6303,2395.3867,293.5633,7183.6034,374.3223,1341.9905,787.4904,0.0,0.0,1507.6807,2667285.0,8755520.0,5427544.0,5577181.0,32993.4539
Greece,2012,23.3446,7.4114,264.1563,434.4379,1283.5018,210.0,1235.3187,0.0,0.0,4800.9897,3725.1632,1900.7261,663.2286,4987.6529,2128.4063,189.4608,7736.3506,371.3679,1330.3492,781.8036,0.0,0.0,184.8689,2616562.0,8761695.0,5399734.0,5563901.0,32258.5385
Italy,1990,8.1112,17.8496,1117.0557,3021.7179,707.0844,1807.0,7185.5116,-35316.1233,0.0,12427.3875,7331.7451,2467.0472,4490.712,9642.2443,33933.4019,1023.5041,42574.0254,3087.6731,2629.2996,7634.7677,0.0,0.0,9253.1075,19008391.0,38118729.0,27533679.0,29222882.0,115043.1225
Italy,1991,8.1112,17.8496,1189.675,2892.9036,707.0844,1631.0,7334.4848,-35316.1233,0.0,12827.4331,7221.1236,2355.4064,4678.668,10184.5923,37391.6949,1020.0651,42271.2149,2883.3398,2521.1369,7125.3527,0.0,0.0,8562.4838,19028302.0,38124214.0,27544659.0,29249831.0,117507.49680000002
Italy,1992,8.1112,17.8496,1184.1047,3053.9779,707.0844,1503.0,7719.2227,-35316.1233,0.0,12625.4123,6625.5746,2347.4105,4635.8001,10717.5731,39655.4852,1000.9065,41911.4983,2823.9437,2467.4051,6932.7266,0.0,0.0,8802.1598,19019878.0,38169009.0,27555993.0,29277193.0,119423.123
Italy,1993,8.1112,17.8496,1126.0963,3270.3149,705.5393,1457.0,7872.9187,-35316.1233,0.0,13181.9626,5559.0611,2446.185,4402.0255,11160.6872,36822.095,978.8119,39206.597,2694.0755,2385.8356,6587.1124,0.0,0.0,9606.3203,18998037.0,38228610.0,27566959.0,29302496.0,114172.47580000004
Italy,1994,8.1112,17.8496,1108.4311,3329.7405,705.5393,1341.0,7860.4259,-35316.1233,0.0,13348.8652,5470.7368,2432.7119,4563.9243,11650.8925,38468.021,992.597,38493.4575,2667.9311,2374.6256,6541.7486,0.0,0.0,9617.7096,18971813.0,38279554.0,27565836.0,29317983.0,115678.19540000004
Italy,1995,8.1112,17.8496,1122.5401,3376.423,705.5393,1479.0,8075.6041,-35316.1233,0.0,13196.643,4709.149,2219.0986,5022.2852,12320.1231,42905.7556,987.1297,41364.1887,2584.6139,2344.4574,6273.99,0.0,0.0,9805.7077,18938680.0,38316513.0,27557533.0,29327593.0,123202.0859
Italy,1996,7.7617,22.139,1175.7416,3457.44,705.5393,1393.0,8183.3989,-35316.1233,0.0,13126.2822,4746.7189,2180.4144,4980.4185,12883.3737,43233.3021,997.3293,41962.1805,2722.0737,2357.844,6346.0582,0.0,0.0,9838.462,18895836.0,38333834.0,27556173.0,29342800.0,125003.35469999998
Italy,1997,7.7899,24.9895,1125.1182,3285.7675,705.5393,1501.0,8324.3113,-35316.1233,0.0,12937.7672,4871.6785,2268.8777,6022.6136,13300.1027,43580.5644,1012.8381,42184.8675,2578.7747,2351.7252,6266.6328,0.0,0.0,9537.2966,18846806.0,38338095.0,27562066.0,29363735.0,126572.1314
Italy,1998,9.0531,27.914,1198.4378,3142.813,705.5371,1540.0,8691.2813,-35316.1233,0.0,13384.9165,5839.0963,2334.1459,4702.1871,13792.4887,48586.8304,1022.5425,43757.5011,2621.3352,2339.846,6323.429,0.0,0.0,9470.8081,18802229.0,38351325.0,27560734.0,29378003.0,134174.0398
Italy,1999,8.1452,35.0048,1175.346,3115.859,703.9455,1013.0,8881.6674,-35316.1233,0.0,13436.4776,6102.2466,2347.0952,5638.0333,14236.5721,54346.41,1039.8863,45567.5922,2598.8275,2332.4843,6365.1838,0.0,0.0,9239.5443,18776697.0,38403292.0,27556451.0,29388617.0,142867.19780000002
Italy,2000,7.7081,55.6571,1153.2541,3109.551,703.9455,1445.0,8882.9805,-35316.1233,0.0,13360.199,6423.9012,2472.6464,5868.6881,14491.9149,55027.6952,1037.1096,44175.4075,2586.335,2352.2881,6413.5574,0.0,0.0,9065.8943,18779731.0,38513990.0,27562023.0,29404375.0,143317.6097
Italy,2001,6.9751,4.5504,1097.2035,3071.0817,705.5362,1460.0,9071.1613,-35510.0911,0.0,13464.5614,6982.3849,2523.6836,5638.5127,14890.605,56345.2875,1042.6708,46737.5068,2402.2004,1798.9869,6114.336,0.0,0.0,9400.4157,18815119.0,38691248.0,27573923.0,29421070.0,147247.56880000004
Italy,2002,4.2388,1.9494,1157.3581,3085.9557,707.127,1744.0,9253.8625,-35510.0911,0.0,13917.4256,7657.1992,2497.8211,5764.4596,15260.0175,60218.9323,1052.8283,46925.0886,2513.8232,2034.0176,6298.5773,0.0,0.0,9348.8031,18853502.0,38948261.0,27631893.0,29475684.0,153933.39380000002
Italy,2003,7.5058,9.236,983.8095,3085.9416,708.6723,1603.0,9342.4087,-35510.0911,0.0,14774.291,8795.2725,2675.9906,5878.3091,16473.0516,62644.7374,1068.5798,48799.5622,2463.7289,1971.307,6195.7896,0.0,0.0,9408.7723,18897042.0,39249995.0,27796338.0,29628838.0,161379.8748
Italy,2004,3.9158,4.9416,1254.5613,3241.8369,708.6723,1571.0,9594.1371,-35510.0911,0.0,14855.5939,9488.8866,2613.7681,5592.6175,16088.088,59363.1468,1035.3176,49661.2732,2467.708,1951.255,6210.1964,0.0,0.0,9350.936,18940573.0,39554131.0,28022461.0,29838200.0,159547.761
Italy,2005,1.5052,1.0406,1160.7957,3161.2997,708.6723,1398.0,9499.7527,-35510.0911,0.0,15068.2231,10552.0428,2642.3162,5384.3507,14386.9543,57203.1498,1030.2038,50086.935,2423.7399,1913.4014,6049.4314,0.0,0.0,9432.0738,18972670.0,39835813.0,28197564.0,30002313.0,156593.79729999998
Italy,2006,1.3834,1.4308,1101.9227,3190.3986,707.0793,1175.0,9590.1418,-35510.0911,0.0,14518.955,10946.3716,2676.0547,5186.97,13692.2685,55756.101,1065.472,47148.8014,2400.706,1907.8752,6064.0756,0.0,0.0,9286.4818,18990436.0,40089433.0,28310324.0,30119579.0,150907.3983
Italy,2007,39.6458,54.4654,1098.8993,3281.04,705.4891,1551.0,9596.2114,-35510.0911,0.0,14184.5956,10896.7427,2728.214,5183.4878,13015.5303,54593.9643,1100.8384,48151.6115,2401.9378,1909.0633,6061.3671,0.0,0.0,8848.7515,18995609.0,40317902.0,28473997.0,30304485.0,149892.76420000003
Italy,2008,6.0187,9.2292,1179.6071,3163.9104,705.4891,1502.0,9243.7459,-35510.0911,0.0,13831.5867,11647.6473,2601.4056,4751.76,12395.7992,54755.2164,1325.8749,45742.016,2478.3559,1935.4735,6190.6137,0.0,0.0,8558.2766,18985986.0,40516399.0,28683240.0,30540988.0,146513.93509999997
Italy,2009,7.1188,11.0527,974.64,3365.712,705.4891,1280.0,8917.1575,-35510.0911,0.0,13279.233,11807.6087,2353.2337,3974.1713,11759.8387,48339.4087,1115.0524,42392.557,2477.7693,1917.5021,6194.0539,0.0,0.0,8639.2347,18960542.0,40681311.0,28840682.0,30722159.0,134000.74250000002
Italy,2010,1.2941,0.91,1013.3694,3495.5424,705.4891,1292.0,8804.1976,-35510.0911,0.0,13663.1214,12458.3046,2307.9625,4001.1465,11120.2423,45796.7302,1278.7244,44077.7825,2493.4601,1910.844,6219.0076,0.0,0.0,8162.492,18918497.0,40811310.0,28956139.0,30866311.0,133292.5296
Italy,2011,6.9988,8.584,1046.8306,3478.608,705.4891,1253.0,8772.3319,-35461.2808,0.0,13277.0377,12779.5566,2406.5207,3698.045,10418.5127,44912.3461,828.6095,44608.0134,2455.9654,1854.4278,6090.4921,0.0,0.0,8001.2922,18858134.0,40901795.0,29048456.0,30977496.0,131141.3808
Italy,2012,16.2615,35.2359,1026.3401,3317.0538,705.4891,1093.0,8261.7609,-35461.2808,0.0,12950.1777,13016.0549,2335.2495,3407.3629,9685.8551,43301.1914,1246.1242,42176.6271,2484.9717,1829.1768,6099.3132,0.0,0.0,7657.0531,18706111.0,41027723.0,29138294.0,31051852.0,125183.0181
Malta,1990,0.0,0.0,0.8418,246.40727646443952,0.0,13.0,34.0548,-0.1228,0.0,72.7125,2.8542,0.8617,67.63136607385836,115.465,209.58772835754152,1186.92864182882,36.8455,12.171,5.9639,56.6211,0.0,0.0,13.8508,35054.0,329377.0,180731.0,184661.0,2075.6745127246595
Malta,1991,0.0,0.0,0.6911,246.40727646443952,0.0,11.0,38.3004,-0.1228,0.0,63.0915,2.261,0.8021,67.63136607385836,120.1674,209.58772835754152,1186.92864182882,37.6053,12.0993,6.1948,56.12,0.0,0.0,16.1378,34928.0,332600.0,182388.0,186281.0,2074.9029127246595
Malta,1992,0.0,0.0,0.7572,246.40727646443952,0.0,11.0,39.7085,-0.1228,0.0,65.5181,2.2277,0.7642,67.63136607385836,123.7332,209.58772835754152,1598.046702244067,39.3608,12.7485,6.356,60.6111,0.0,0.0,16.6781,34800.0,335842.0,184043.0,187836.0,2501.013673139907
Malta,1993,0.0,0.0,0.7866,246.40727646443952,0.0,10.0,44.8603,-0.1228,0.0,76.6952,3.6529,1.0509,67.63136607385836,126.7374,209.58772835754152,1598.046702244067,41.2469,12.7405,6.3172,60.8956,0.0,0.0,18.3035,34674.0,339110.0,185755.0,189487.0,2524.8372731399063
Malta,1994,0.0,0.0,0.8285,246.40727646443952,0.0,13.0,44.8603,-0.1228,0.0,82.1072,18.4041,0.8397,67.63136607385836,129.51,209.58772835754152,1186.92864182882,44.374,12.4766,6.1131,60.1604,0.0,0.0,18.3035,34552.0,342454.0,187494.0,191070.0,2141.4096127246594
Malta,1995,0.0,0.0,0.8394,246.40727646443952,0.0,5.0,52.6151,-0.1228,0.0,75.3589,40.2579,0.7166,67.63136607385836,132.4403,209.58772835754152,1186.92864182882,49.2791,11.6405,5.854,55.5337,0.0,0.0,19.4225,34434.0,345871.0,189277.0,192571.0,2159.3902127246592
Malta,1996,0.0,0.0,0.7704,246.40727646443952,0.0,4.0,41.5337,-0.1228,0.0,77.2307,44.2582,0.7742,67.63136607385836,132.5732,209.58772835754152,1186.92864182882,59.4375,10.772,6.373,47.4207,0.0,0.0,17.1205,33841.0,349869.0,191075.0,194195.0,2152.6963127246595
Malta,1997,0.0,0.0,1.0718,246.40727646443952,0.0,7.0,56.6357,-0.1228,0.0,76.348,47.8155,0.7566,67.63136607385836,137.2572,0.841,1186.92864182882,69.8819,11.0275,6.3755,49.0477,0.0,0.0,25.1977,32943.0,354241.0,192935.0,195904.0,1990.1005843671176
Malta,1998,0.0,0.0,1.0902,246.40727646443952,0.0,6.0,49.7215,-0.1228,0.0,81.7046,40.2442,0.7759,67.63136607385836,139.0713,0.8155,1186.92864182882,75.5669,10.1208,5.8375,45.0125,0.0,0.0,21.0354,32055.999999999996,358549.0,194845.0,197637.0,1977.8407843671184
Malta,1999,0.0,0.0,1.0934,246.40727646443952,0.0,4.0,45.8969,-0.1228,0.0,84.0116,43.1105,0.8135,67.63136607385836,140.8201,0.7817,1186.92864182882,87.1011,10.8901,6.0165,48.7296,0.0,0.0,19.1701,31169.0,362636.0,196686.0,199297.0,1993.2795843671176
Malta,2000,0.0,0.0,1.1421,246.40727646443952,0.0,3.0,32.64,-0.1228,0.0,78.981,42.9039,0.7624,67.63136607385836,142.5638,4.4885,1186.92864182882,91.3959,10.9174,5.3546,50.2104,0.0,0.0,13.1345,30274.0,366394.0,198331.0,200881.0,1978.3389843671175
Malta,2001,0.0,0.0,1.0967,246.40727646443952,0.0,3.0,31.5516,-0.4495,0.0,89.7611,66.5102,0.9386,0.4626,144.3982,12.9865,1186.92864182882,107.9618,12.242,5.1746,50.2231,0.0,0.0,12.3179,29376.0,369779.0,199768.0,202384.0,1971.5113182932591
Malta,2002,0.0,0.0,1.0416,246.40727646443952,0.0,2.0,22.8307,-0.4495,0.0,88.6289,67.5113,0.9196,0.8541,145.8567,20.0082,1186.92864182882,123.7743,11.1179,5.0683,49.862,0.0,0.0,5.8446,28474.0,372829.0,201018.0,203681.0,1978.2046182932595
Malta,2003,0.0,0.0,1.0161,246.40727646443952,0.0,4.0,28.9933,-0.4495,0.0,94.9478,74.5411,1.0152,1.1136,147.007,26.7614,1186.92864182882,133.5971,11.8336,5.3304,49.5929,0.0,0.0,9.7147,27580.0,375631.0,202077.0,204843.0,2022.3506182932597
Malta,2004,0.0,0.0,1.0353,246.40727646443952,0.0,1.0,35.3296,-0.4495,0.0,91.567,76.4911,0.9709,1.6253,147.9039,35.2307,1186.92864182882,153.3947,10.7023,5.3733,46.6269,0.0,0.0,14.2305,26703.0,378304.0,202947.0,205851.0,2054.3679182932597
Malta,2005,0.0,0.0,0.9995,246.40727646443952,0.0,2.0,30.0458,-0.4495,0.0,91.9245,67.571,0.9465,1.8888,148.6022,26.9589,1194.853458431384,174.7229,11.3318,5.6011,49.3136,0.0,0.0,8.1131,25851.0,380936.0,203565.0,206643.0,2060.8309348958237
Malta,2006,0.0,0.0,0.9989,246.40727646443952,0.0,1.0,50.8232,-0.4495,0.0,99.4331,101.684,0.9609,2.0395,149.431,32.3982,1202.6720259852302,197.2021,11.1788,5.7696,48.1159,0.0,0.0,8.6218,25398.0,383165.0,203951.0,207246.0,2158.28680244967
Malta,2007,0.0,0.0,1.0697,246.40727646443952,0.0,3.0,53.2998,-0.4495,0.0,99.6434,102.0979,0.9612,2.3597,150.5661,37.8535,1202.6720259852302,207.6095,11.262,5.4444,47.9097,0.0,0.0,9.046,25207.0,385117.0,204314.0,207767.0,2180.75270244967
Malta,2008,0.0,0.0,1.239,246.40727646443952,0.0,3.0,72.0778,-0.4495,0.0,99.1335,106.0971,0.9354,2.6926,151.4935,42.0509,1202.6720259852302,216.7143,11.5626,5.5196,48.9079,0.0,0.0,17.2422,25019.0,387109.0,204975.0,208427.0,2227.29620244967
Malta,2009,0.0,0.0,1.1525,246.40727646443952,0.0,3.0,71.5576,-0.4495,0.0,79.0684,114.7856,0.8629,2.948,152.0172,47.3676,1217.7340112798731,225.3217,9.999,4.9867,42.0564,0.0,0.0,17.4036,24840.0,389205.0,206118.0,209382.0,2236.218987744312
Malta,2010,0.0,0.0,1.1354,246.40727646443952,0.0,3.0,77.6082,-0.4495,0.0,80.2515,146.7581,9.7207,3.6168,152.59,53.9056,1217.7340112798731,243.2524,9.5624,4.6021,41.8193,0.0,0.0,13.9071,24669.0,391441.0,208000.0,210755.0,2305.4213877443126
Malta,2011,0.0,0.0,1.1149,246.40727646443952,0.0,3.0,82.44,-0.3049,0.0,78.5314,151.4709,8.7829,3.8355,153.242,51.8196,1217.7340112798731,264.7462,8.2807,4.5632,33.1868,0.0,0.0,17.382,24510.0,393857.0,210829.0,212742.0,2326.232487744313
Malta,2012,0.0,0.0,1.0635,246.40727646443952,0.0,3.0,85.1168,-0.3049,0.0,82.9021,180.7314,9.713,3.7965,153.8135,51.2141,1235.8468685653434,330.0396,8.4211,4.6389,33.2734,0.0,0.0,13.8883,24360.0,396429.0,214585.0,215322.0,2443.561445029783
Montenegro,2006,1.0671,0.0,2.538,246.40727646443952,34.8934,0.0,62.3874,-4158.891,0.0,80.5808,40.3532,11.7127,95.7147,139.0163,11.9281,2210.0975110932354,537.3809,36.7568,43.7863,87.1267,0.0,0.0,15.3868,229817.0,388015.0,307082.0,325462.0,-501.757012442324
Montenegro,2007,15.9395,1.5612,0.3397,246.40727646443952,34.8934,11.682402573901776,81.8781,-4158.891,0.0,90.1843,49.5285,13.1685,140.2953,146.958,14.9648,2230.372367308135,605.7858,35.0803,40.8009,82.2946,0.0,0.0,20.0941,228348.0,391136.0,307089.0,324834.0,-296.66195365352297
Montenegro,2008,2.7155,0.1301,0.4307,246.40727646443952,34.8934,0.0,83.879,-4158.891,0.0,108.6846,56.2073,19.6273,145.4479,155.2212,19.2156,2226.8460244741873,636.1878,33.7547,38.8281,79.9879,0.0,0.0,18.4544,226898.0,394307.0,307135.0,324332.0,-251.97219906137272
Montenegro,2009,0.0635,0.0,0.4561,246.40727646443952,34.8934,0.0,86.5054,-4158.891,0.0,65.5053,60.5899,10.9892,48.1313,160.5745,14.5312,2226.8460244741873,666.8411,32.768,37.4284,77.7772,0.0,0.0,18.1418,225423.0,397429.0,307229.0,323953.0,-370.44139906137286
Montenegro,2010,0.3789,0.0,0.4323,246.40727646443952,34.8934,1.0,95.0866,-4158.891,0.0,100.9525,67.7687,16.4919,68.7232,164.7896,19.0022,2226.8460244741873,732.4082,31.5475,36.2068,74.4826,0.0,0.0,16.2823,223866.0,400419.0,307344.0,323700.0,-225.19099906137308
Montenegro,2011,5.8483,4.553,0.5989,246.40727646443952,34.8934,2.0,91.1073,0.0,0.0,144.7563,74.1226,8.0376,103.3852,168.7527,86.1489,2310.544616598611,790.5324,28.2031,33.8219,66.9314,0.0,0.0,13.9034,222219.0,403247.0,307781.0,324007.0,4214.548293063051
Montenegro,2012,14.437,4.6839,0.5114,246.40727646443952,34.8934,2.0,86.9001,0.0,0.0,133.2386,80.8125,5.5809,80.3188,173.3797,79.1216,2310.544616598611,860.6654,28.8366,36.7021,68.6959,0.0,0.0,12.5605,220462.0,405924.0,308516.0,324534.0,4260.29029306305
Portugal,1990,50.98,71.0949,104.2709,477.3243,270.8072,82.0,898.0525,-1886.885,3028.6923,1521.9663,905.4882,140.9539,579.4737,2245.004,1337.3539,143.7136,6755.0511,553.6471,620.5413,1768.7591,0.0,0.0,1505.0233,5184144.0,4769183.0,4820327.0,5187019.0,21173.312599999997
Portugal,1991,50.98,71.0949,126.4473,472.2722,270.8072,92.0,952.8078,-1886.885,3028.6923,1645.8223,930.6492,147.9185,537.5262,2190.0372,1428.5336,153.3069,6816.5779,534.1669,601.3345,1765.7354,0.0,0.0,1513.615,5139790.0,4834405.0,4808784.0,5177631.0,21443.4403
Portugal,1992,50.98,71.0949,101.4146,298.0172,270.8072,75.0,1021.1871,-1886.885,3028.6923,1910.3907,1022.027,181.8021,634.4956,2129.4548,1580.7594,160.3146,6667.7323,535.012,605.5219,1752.1454,0.0,0.0,1509.3857,5091893.0,4917683.0,4803289.0,5175454.0,21719.349799999996
Portugal,1993,50.98,71.0949,101.1731,186.2784,270.5878,116.0,1063.1856,-1886.885,3028.6923,1860.2575,666.1629,160.9927,588.3255,2065.0605,1405.5835,166.4445,6464.6198,526.4,592.9499,1726.8016,0.0,0.0,1497.1163,5048721.0,5006275.0,4808603.0,5183500.0,20721.8218
Portugal,1994,50.98,71.0949,107.1179,339.4077,270.4138,124.0,1108.2238,-1886.885,3028.6923,1874.9896,673.7022,173.5182,592.0049,2007.2078,1441.5967,178.5937,6604.0368,530.559,590.4616,1753.1191,0.0,0.0,1520.7111,5006350.0,5097093.0,4821330.0,5196775.0,21153.546100000003
Portugal,1995,50.98,71.0949,96.3876,306.5973,269.7249,166.0,985.0752,-1886.885,3028.6923,2041.5044,565.4595,291.5499,585.5709,1904.7814,1425.3952,187.3608,7031.9827,522.2558,603.4262,1690.001,0.0,0.0,1506.7383,4962303.0,5187432.0,4838523.0,5212726.0,21443.6933
Portugal,1996,62.6287,179.5455,102.9413,399.0591,269.6317,147.0,1038.5609,-1886.885,3028.6923,1865.754,471.5299,232.4472,558.956,2025.3599,1395.9165,199.1485,7064.6311,535.2268,606.4167,1694.5466,0.0,0.0,1526.6346,4915839.0,5276555.0,4857487.0,5230158.0,21517.7423
Portugal,1997,43.059,101.8056,94.8341,402.7565,269.3824,143.0,1085.7826,-1886.885,3028.6923,1932.9555,600.5681,269.2692,655.1581,2107.3146,1628.6235,212.2502,7479.1954,538.0665,605.3202,1682.8906,0.0,0.0,1700.7629,4868028.0,5364856.0,4879541.0,5251008.0,22694.802299999996
Portugal,1998,80.5929,154.0904,83.4677,381.3062,269.3587,171.0,1184.1243,-1886.885,3028.6923,1957.4724,687.4171,304.8145,617.1698,2289.844,1696.8634,224.3847,7550.4648,537.77,599.8705,1682.5247,0.0,0.0,1917.5811,4819168.0,5453118.0,4904549.0,5274867.0,23531.9245
Portugal,1999,56.5123,117.4636,98.9867,357.1324,263.2161,199.0,1245.7479,-1886.885,3028.6923,2287.5429,851.7567,384.8939,735.6708,2414.9669,1708.1788,238.4626,7839.9417,547.7226,615.5058,1684.0986,0.0,0.0,2051.7364,4770326.0,5542285.0,4932461.0,5300908.0,24840.344
Portugal,2000,66.1866,84.9333,95.3745,336.6982,261.6896,186.0,1353.5274,-1886.885,3028.6923,2204.2674,875.2746,354.0692,745.0702,2572.9522,1695.267,248.0708,8040.7687,541.9148,610.6965,1653.3283,0.0,0.0,2274.8857,4721990.0,5633127.0,4967627.0,5332999.0,25342.7823
Portugal,2001,37.728,4.2911,75.9688,351.8968,261.0148,188.0,1373.9788,-164.4977,445.1113,2196.1216,1040.3994,355.9934,700.3136,2468.7155,1543.154,259.7004,7720.8734,506.6374,535.8276,1520.5451,0.0,0.0,1531.9488,4675151.0,5724161.0,5004337.0,5367483.0,22953.722099999995
Portugal,2002,42.5159,18.598,89.9316,355.8482,261.4362,223.0,1423.9774,-164.4977,445.1113,2547.0582,1197.651,451.7066,825.4671,2509.6282,1909.3102,448.1961,8214.0308,500.4771,529.1266,1494.6507,0.0,0.0,1393.4567,4630074.0,5813594.0,5030278.0,5400636.0,24716.680200000003
Portugal,2003,187.8742,119.7004,70.4922,362.0716,261.556,215.0,1501.1165,-164.4977,445.1113,2416.7054,1051.5206,381.738,677.8368,2751.8993,1620.6767,441.793,8279.5695,483.2213,520.79,1455.676,0.0,0.0,1319.4312,4584232.0,5902881.0,5045303.0,5428040.0,24399.282300000003
Portugal,2004,48.369,5.7213,80.8601,375.6614,264.6352,186.0,1544.5247,-164.4977,445.1113,2629.1613,1124.6757,463.5241,653.1968,2753.9421,1647.9637,415.3406,9036.8245,497.6454,529.1987,1490.4264,0.0,0.0,1749.1232,4536981.0,5991287.0,5054515.0,5447007.0,25777.407800000008
Portugal,2005,136.392,117.9465,50.8016,322.8967,264.0871,194.0,1486.534,-164.4977,445.1113,2868.4991,1400.7691,544.9604,713.0741,2769.8869,1722.322,400.6511,9242.3943,501.2865,539.5566,1496.4289,0.0,0.0,1664.9959,4488055.0,6077668.0,5061076.0,5462239.0,26718.0964
Portugal,2006,26.3739,20.027,70.1176,358.3319,264.0272,174.0,1505.0193,-164.4977,445.1113,2487.9048,1271.7561,422.8647,618.8611,2821.6405,1708.4466,508.0752,9317.7054,499.2412,532.4927,1473.9966,0.0,0.0,1244.4609,4437475.0,6162476.0,5067237.0,5476709.0,25605.9563
Portugal,2007,7.3657,2.4709,60.8824,379.6551,263.3372,274.0,1519.8821,-164.4977,445.1113,2430.7204,1318.2801,428.8533,617.2717,2881.033,1600.3566,440.5233,9863.9563,504.7341,520.4466,1496.9839,0.0,0.0,1328.0903,4385066.0,6245054.0,5073406.0,5492145.0,26219.4566
Portugal,2008,1.6498,0.39,72.386,371.6254,263.0622,274.0,1524.9586,-164.4977,445.1113,2369.5382,1406.3426,405.8044,589.4491,3031.886,1490.9289,394.5536,9658.1212,507.1152,513.5536,1500.5714,0.0,0.0,1171.0934,4329158.0,6322941.0,5074771.0,5506189.0,25827.6432
Portugal,2009,31.2543,6.1124,61.6634,401.7686,262.495,216.0,1524.1942,-164.4977,445.1113,2357.8494,1494.982,398.965,498.8866,3001.7243,1517.7432,346.2905,13958.4892,502.1673,496.8079,1487.3082,0.0,0.0,1148.8822,4268076.0,6392540.0,5072332.0,5519011.0,29994.197300000003
Portugal,2010,56.5242,22.5003,55.1127,410.9414,263.5327,197.0,1512.5863,-164.4977,445.1113,2056.754,1238.4252,265.735,456.963,3051.8403,1329.2028,338.5601,19876.4409,487.0825,476.4131,1448.5895,0.0,0.0,1273.5637,4200496.0,6451825.0,5064023.0,5524378.0,35098.3813
Portugal,2011,23.9965,7.2827,59.3503,443.6248,262.6393,215.0,1408.0895,-1112.584,0.0,2129.4167,1365.074,302.3454,513.6333,2990.2023,1359.2087,396.5502,20240.0154,493.4722,480.4702,1483.6691,0.0,0.0,1161.982,4126096.999999999,6499233.0,5045028.0,5519798.0,34223.4386
Portugal,2012,36.3678,15.7346,60.4624,439.9275,262.5261,201.0,1298.8488,-1112.584,0.0,2292.0996,1499.9545,371.6129,486.8922,2903.1148,1394.4732,372.619,21524.0304,493.4699,471.6465,1488.0288,0.0,0.0,1105.6442,4046172.0,6535649.0,5016075.0,5506011.0,35605.869199999994
Serbia,2006,0.8358,0.6506,445.2086,926.3422784724488,2.4863,134.1498678031359,996.3986,-35593.1107,0.0,1479.0688,1107.6508,210.7513,698.8332,1579.0581,1603.4852,221.3517,7922.4497,501.5009,356.3871,1420.2572,0.0,0.0,435.5118,4210060.0,4963229.0,3755252.0,4039539.0,-15550.732853724408
Serbia,2007,19.5111,25.1147,355.9335,926.3422784724488,2.4863,130.28690544094482,837.3565,-35593.1107,0.0,1317.9971,1167.2551,184.6226,732.8321,1572.5876,1836.7323,258.4142,8612.104,519.4469,351.7522,1512.2061,0.0,0.0,733.0245,4172279.999999999,4962934.0,3735510.0,4022664.0,-14497.104716086604
Serbia,2008,0.4475,0.2603,463.6568,926.3422784724488,2.4863,131.92130165764644,896.081,-35593.1107,0.0,1229.7819,1242.9759,214.3579,674.1983,1601.031,1414.1803,214.8758,9322.5465,500.9725,346.0976,1443.7126,0.0,0.0,236.8733,4135754.0,4963798.0,3716486.0,4006308.0,-14730.311619869895
Serbia,2009,1.0953,3.6436,467.9494,926.3422784724488,2.4863,131.602488236673,859.357,-35593.1107,0.0,1262.9648,1296.8726,275.7311,496.455,1622.1474,1164.2289,226.8106,9332.2134,495.2187,325.8038,1409.2952,0.0,0.0,347.5387,4099850.000000001,4964906.0,3697793.0,3990242.0,-14945.354133290874
Serbia,2010,0.7521,0.5206,477.1287,926.3422784724488,2.4863,131.602488236673,873.8308,-35593.1107,0.0,1258.0318,1372.8543,383.6048,494.1203,1643.979,1952.5465,317.2913,9978.6107,501.8361,312.4819,1383.0459,0.0,0.0,270.607,4063980.0,4965736.0,3679274.0,3974474.0,-13311.437833290876
Serbia,2011,6.2618,14.1872,474.2215,926.3422784724488,2.4863,130.28690544094482,813.8229,-4697.7446,1853.4434,1387.8027,1519.2635,319.9212,424.2291,1655.9466,2428.1126,381.1378,10441.9823,458.1066,309.7254,1308.4929,0.0,0.0,297.7403,4027867.0,4965879.0,3661709.0,3959210.0,20455.768683913393
Serbia,2012,7.2388,10.1487,365.2918,926.3422784724488,2.4863,128.01080602015466,743.2592,-4697.7446,1853.4434,1350.6054,1486.2577,301.467,346.4827,1664.664,2426.4576,426.5834,10776.4835,448.1059,317.2129,1276.5543,0.0,0.0,527.3964,3998797.0,4958187.0,3645939.0,3945410.0,20686.747484492604
Slovenia,1992,0.0441,0.8181,22.39,248.06149701135485,117.5359,39.0,198.9481,-9507.003,0.0,306.1741,230.9013,4.3114,162.8271,111.0128,239.8535,0.1541,3440.6593,159.5871,95.9464,391.9476,0.0,0.0,145.2827,991865.0,1013647.0,961512.0,1029828.0,-3591.5479029886446
Slovenia,1993,0.0441,0.8181,24.1617,248.06149701135485,116.5141,23.0,271.6753,-9507.003,0.0,332.924,173.3888,4.5419,197.7267,113.3233,249.9895,0.1859,3016.2902,167.7814,98.0655,406.5343,0.0,0.0,181.6337,988992.0,1011776.0,962622.0,1029063.0,-3880.3430029886463
Slovenia,1994,0.0441,0.8181,28.4839,248.06149701135485,116.5141,20.0,298.8329,-9507.003,0.0,300.1949,152.9642,4.2587,196.788,114.1741,213.1254,0.224,3102.1903,157.7488,94.0609,395.2719,0.0,0.0,195.6571,985915.0,1009692.0,963453.0,1027995.0,-3867.590102988644
Slovenia,1995,0.0441,0.8181,27.7881,248.06149701135485,116.5141,13.0,296.3358,-9507.003,0.0,305.9809,132.3092,4.49,173.681,438.065,214.4098,0.2582,2088.1541,155.4552,94.1508,390.1992,0.0,0.0,225.6152,983347.0,1008125.0,964247.0,1026859.0,-4581.672702988644
Slovenia,1996,0.0359,0.4629,26.3402,248.06149701135485,116.5141,12.0,334.6944,-9507.003,0.0,285.7904,249.2515,4.1853,228.8737,266.1952,239.5566,0.2967,2116.8555,156.4074,97.7998,396.1809,0.0,0.0,271.9552,981596.0,1007393.0,964959.0,1025707.0,-4455.545802988646
Slovenia,1997,0.0318,0.4381,28.3923,248.06149701135485,116.5141,17.0,350.3838,-9507.003,0.0,318.6048,237.6,4.6162,228.6443,441.3307,284.3754,0.3377,1933.2781,154.6031,95.9391,377.7234,0.0,0.0,275.7384,980562.0,1007393.0,965442.0,1024387.0,-4393.390202988644
Slovenia,1998,0.0378,0.4713,29.6587,248.06149701135485,116.5141,12.0,292.3877,-9507.003,0.0,327.6313,259.2281,4.9172,198.2204,495.8038,301.1474,0.3779,1887.2616,149.2481,90.8464,376.7835,0.0,0.0,265.5232,980048.0,1007928.0,965600.0,1022679.0,-4450.883002988647
Slovenia,1999,0.0348,0.4582,25.4412,248.06149701135485,155.1798,7.0,277.2239,-9507.003,0.0,268.7239,277.8959,4.4557,212.7487,560.6897,299.7362,0.4214,1796.7963,139.9198,91.313,344.5716,0.0,0.0,265.0263,979693.0,1008625.0,965510.0,1020751.0,-4531.305102988646
Slovenia,2000,0.0234,0.3008,27.0016,248.06149701135485,155.1798,13.0,272.9084,-9507.003,0.0,288.6872,201.1196,4.5426,226.5373,585.238,304.6109,0.4576,1809.574,138.5128,94.489,341.0638,0.0,0.0,265.6996,979257.0,1009242.0,965383.0,1018956.0,-4529.995102988646
Slovenia,2001,0.0,0.2604,27.242,248.06149701135485,156.2047,17.0,285.2354,-11895.4935,228.0502,303.5023,273.8504,4.9624,381.4575,280.796,308.2581,0.4976,1814.207,140.972,100.7309,353.8947,0.0,0.0,262.1634,978660.0,1009689.0,965188.0,1017299.0,-6708.147002988645
Slovenia,2002,0.0,0.0,31.3418,248.06149701135485,154.6853,11.0,294.3724,-11895.4935,228.0502,324.9331,289.197,5.5856,374.5649,286.6924,297.9029,0.7685,1749.228,137.6962,97.8154,346.1459,0.0,0.0,258.6534,977096.0,1011168.0,966788.0,1016979.0,-6758.799002988646
Slovenia,2003,0.3056,3.2549,21.7405,248.06149701135485,154.4282,14.0,299.0912,-11895.4935,228.0502,325.6614,214.5878,5.702,284.0913,297.9676,371.8951,0.8247,1885.5608,142.1418,98.6799,358.8683,0.0,0.0,269.2099,972957.0,1016008.0,970939.0,1018472.0,-6671.370802988646
Slovenia,2004,0.0,0.1302,29.8583,248.06149701135485,150.1239,16.0,313.3025,-11895.4935,228.0502,301.0224,229.0643,5.4493,294.1618,290.7368,303.4848,1.0439,2030.2681,131.7458,94.4655,336.5014,0.0,0.0,251.9496,969669.0,1021761.0,976011.0,1020710.0,-6640.073202988645
Slovenia,2005,0.0,0.0,29.2529,248.06149701135485,150.1239,17.0,334.3148,-11895.4935,228.0502,301.808,212.4355,5.5831,298.0176,296.809,300.6706,0.0293,2134.4787,126.1585,96.0794,320.3327,0.0,0.0,255.4595,967539.0,1028742.0,981600.0,1023179.0,-6540.828302988646
Slovenia,2006,0.0597,1.6925,25.5912,248.06149701135485,149.7907,17.0,354.1402,-11895.4935,228.0502,306.6685,210.1488,5.9869,304.0009,291.9894,374.1177,0.6998,2147.2449,124.61,96.662,315.6126,0.0,0.0,258.9693,966665.0,1037126.0,987623.0,1025947.0,-6434.396702988644
Slovenia,2007,0.0,0.2604,27.2403,248.06149701135485,149.1156,25.0,403.2267,-11895.4935,228.0502,312.3719,200.5639,6.2536,334.6666,297.5382,297.6143,0.7103,2184.8968,124.8779,96.8867,317.9627,0.0,0.0,255.4593,966833.0,1046706.0,994019.0,1029210.0,-6384.736602988645
Slovenia,2008,0.0,0.0,29.528,248.06149701135485,151.9052,23.0,475.0171,-11895.4935,228.0502,288.2038,246.1128,5.3388,283.4077,479.3108,276.6745,0.7518,2152.5916,131.1974,101.5096,322.9385,0.0,0.0,262.5028,967551.0,1056987.0,1001032.0,1033002.0,-6189.391402988645
Slovenia,2009,0.0,0.5208,27.013,248.06149701135485,155.5287,22.0,403.3576,-11895.4935,228.0502,278.0382,245.9778,4.5206,227.3896,465.8878,255.2678,0.8232,1866.1662,123.2536,100.0377,296.6814,0.0,0.0,227.3322,968180.0,1067244.0,1008592.0,1036986.0,-6719.5856029886445
Slovenia,2010,0.0,0.0,28.7423,248.06149701135485,155.5287,21.0,418.2534,-11895.4935,228.0502,284.6693,264.3054,4.8757,256.4388,464.3512,257.2082,0.8241,1860.1279,123.4013,101.0296,294.1049,0.0,0.0,230.8396,968215.0,1076953.0,1016312.0,1040976.0,-6653.681402988647
Slovenia,2011,0.0426,7.0306,30.1096,248.06149701135485,155.5287,22.0,443.845,-5092.0397,2315.8524,300.1423,276.7243,5.3203,248.3652,462.062,249.9442,0.8871,1891.2585,119.9932,99.8784,285.8943,0.0,0.0,223.7958,967513.0,1085923.0,1021534.0,1043919.0,2294.696297011354
Slovenia,2012,0.1106,3.7761,29.6588,248.06149701135485,155.5287,20.0,449.461,-5092.0397,2315.8524,300.2655,268.0323,5.1826,246.4305,442.0856,232.2225,0.9108,1963.9982,115.493,97.9377,272.3123,0.0,0.0,234.349,966153.0,1094237.0,1023999.0,1045355.0,2309.6293970113543
Spain,1990,38.7762,55.3751,1233.5006,1275.5413,336.2328,841.0,5183.3376,-43068.9652,0.0,2473.6109,3822.6883,1550.0035,2494.053,13673.3899,6200.9242,482.9116,30549.3985,2470.1647,3159.0275,7508.1534,0.0,0.0,4669.6088,9688522.0,29617580.0,19043134.0,19846755.0,44948.7327
Spain,1991,38.7762,55.3751,1272.1742,1322.5908,336.2328,838.0,5429.2876,-43068.9652,0.0,2675.3361,3926.4259,1563.6348,2551.7233,14379.4356,6331.711,575.4524,30095.2519,2420.5596,3236.5517,7256.5932,0.0,0.0,4871.8684,9642918.0,29760282.0,19089811.0,19907251.0,46108.0154
Spain,1992,38.7762,55.3751,996.2138,1209.3843,336.2328,717.0,5694.6793,-43068.9652,0.0,2911.8651,4192.2291,1774.5132,2681.4586,15055.0136,6719.3469,657.0394,28481.7758,2446.162,3195.5898,7409.224,0.0,0.0,5149.8435,9637807.0,29877704.0,19191232.0,20011018.0,46652.7573
Spain,1993,38.7762,55.3751,1143.7629,683.6417,335.0208,601.0,5642.6624,-43068.9652,0.0,2741.164,2698.296,1468.0014,2699.4654,15683.6371,6318.6112,732.891,26747.1985,2460.2405,3162.6284,7570.9787,0.0,0.0,5375.8321,9635304.0,30003331.0,19300093.0,20120452.0,43090.2182
Spain,1994,38.7762,55.3751,1009.3198,941.2704,334.266,605.0,5855.7826,-43068.9652,0.0,2893.2839,2848.8583,1686.6123,2766.2223,16282.4063,6773.7461,834.8408,29068.8071,2462.7693,3121.4712,7560.3592,0.0,0.0,5638.9625,9633307.0,30131255.0,19401551.0,20222174.0,47709.16420000001
Spain,1995,38.7762,55.3751,810.0301,769.104,332.0333,570.0,5300.0492,-43068.9652,0.0,2906.2794,2173.953,2260.2208,2780.5481,17020.2583,7490.8803,921.3654,30928.0053,2549.7776,3115.7297,7870.3571,0.0,0.0,6004.5809,9631181.0,30259317.0,19496042.0,20318531.0,50828.3586
Spain,1996,41.4046,121.4868,1377.8379,1483.1712,332.0333,515.0,5628.5415,-43068.9652,0.0,2732.2795,2062.4746,1735.0173,2754.7171,16871.6326,6426.335,1022.9504,31355.2089,2543.1607,2967.4959,7786.317,0.0,0.0,6047.3539,9627169.0,30382155.0,19585531.0,20410942.0,50735.45300000001
Spain,1997,43.6999,327.2512,1196.5558,1602.6293,332.0333,571.0,5634.0798,-43068.9652,0.0,2981.3807,2607.0826,1650.5725,3233.242,18874.0736,7280.904,1132.3541,32315.759,2627.0866,3274.0563,7891.1205,0.0,0.0,6042.0793,9623946.0,30507614.0,19676146.0,20503904.0,56547.9953
Spain,1998,60.7914,222.4817,1364.2684,1590.4224,354.4978,541.0,6178.9655,-43068.9652,0.0,3124.0168,2850.6853,1639.6861,3088.3484,21211.45,7469.2475,1237.5961,34979.8325,2675.5635,3343.6431,8101.8701,0.0,0.0,5466.087,9629839.0,30662803.0,19766973.0,20595383.0,62431.4884
Spain,1999,44.2515,104.9963,1125.1729,1581.9552,394.582,594.0,6491.8599,-43068.9652,0.0,3730.1448,3617.5402,2088.0225,3526.5284,20401.9755,8459.9592,1354.5805,34576.308,2776.2807,3278.208,8611.2506,0.0,0.0,6205.1991,9656031.0,30883692.0,19856535.0,20685697.0,65893.85009999998
Spain,2000,74.7871,192.6375,1480.4096,1651.739,401.1982,674.0,6651.1601,-43068.9652,0.0,3683.8652,4215.0972,2221.21,3811.2209,20677.1036,9932.882,1446.7006,35417.767,2844.1584,3283.3808,8841.8626,0.0,0.0,7287.5151,9709605.0,31194106.0,19956091.0,20785560.0,71719.7297
Spain,2001,29.3715,6.5046,1094.2648,1631.2625,396.6931,710.0,6987.7515,-19600.3244,0.0,3667.8393,4365.6298,2022.1435,4008.5374,20934.4422,10429.0192,1550.7084,35904.8916,2875.3907,3374.2088,8880.116,0.0,0.0,6665.7177,9792190.0,31599913.0,20067588.0,20898861.0,95934.1682
Spain,2002,25.0864,14.4422,1313.9324,1601.2604,429.3318,799.0,7181.058,-19600.3244,0.0,3778.1323,5067.5669,2229.1454,4079.7601,21174.1445,12337.952,2562.0074,35989.6629,2939.4028,3355.3942,9199.4491,0.0,0.0,6589.0776,9852597.0,32132923.0,20337862.0,21139793.0,101065.482
Spain,2003,59.8054,28.3519,1291.6224,1658.16,430.1048,791.0,7588.3583,-19600.3244,0.0,3874.4548,5092.7882,1957.6571,4409.6018,22773.0424,12523.8558,2704.5241,37741.5047,2968.6736,3351.8027,9328.8842,0.0,0.0,8261.7785,9904876.0,32748530.0,20741397.0,21488873.0,107235.6463
Spain,2004,47.0395,24.0695,1473.0134,1730.5828,437.18,885.0,7913.014,-19600.3244,0.0,3951.2635,5696.8513,2028.0027,4093.5283,21742.6678,13054.2779,2437.2257,38870.9623,3014.591,3287.6028,9532.7254,0.0,0.0,9477.1358,9961494.0,33390174.0,21136303.0,21823363.0,110096.40929999998
Spain,2005,80.7224,57.1025,903.1627,1681.4448,436.1821,890.0,8195.0744,-19600.3244,0.0,4316.6251,6438.9464,2138.2544,4413.9701,13894.4479,13434.0574,2381.8324,40737.0707,2975.6846,3249.8353,9429.198,0.0,0.0,8800.4862,10014136.0,34028496.0,21532304.0,22153070.0,104853.773
Spain,2006,51.5418,64.5271,1166.9134,1503.4219,435.1841,843.0,8424.852,-19600.3244,0.0,4408.8231,6985.623,2176.7133,3479.6718,14272.2798,12360.7726,2403.0614,40763.285,2990.9386,3184.3435,9606.3641,0.0,0.0,7636.0405,10062286.0,34663246.0,21922422.0,22500410.0,103157.03260000002
Spain,2007,39.2439,16.4812,1455.8815,1433.2853,428.589,875.0,8736.8242,-19600.3244,0.0,4565.9024,7526.1135,2267.6907,3826.5656,14648.3949,14043.1593,1664.6349,41987.5241,3049.896,3225.5684,9716.3321,0.0,0.0,8096.4575,10104737.0,35289121.0,22356720.0,22889061.0,108003.2201
Spain,2008,11.6143,2.4721,1437.6305,1356.1632,428.589,829.0,8349.5773,-19600.3244,0.0,4201.931,7412.4599,1896.2779,3314.0,12771.8619,13725.4467,1906.7894,40094.1932,2925.78,2962.5216,9451.4331,0.0,0.0,7231.1503,10130511.0,35867295.0,22735774.0,23230764.0,100708.567
Spain,2009,43.4255,13.0,1089.0649,1683.5616,425.5822,692.0,7838.2842,-19600.3244,0.0,4024.4778,6949.9598,1648.797,2388.7478,12775.8791,12745.1721,2120.4483,35504.2741,2943.5007,2951.5977,9524.29,0.0,0.0,6245.1851,10127186.0,36348886.0,22929514.0,23438258.0,92006.9235
Spain,2010,11.9267,2.3411,1199.2683,1724.2606,425.2789,721.0,7678.8593,-19600.3244,0.0,3714.9688,6538.1087,998.2531,2071.3949,12825.5417,12294.414,2256.3405,36973.5369,2891.8709,2853.8027,9331.4823,0.0,0.0,6168.2472,10086595.0,36702035.0,23012168.0,23560604.0,91080.57219999998
Spain,2011,29.7059,15.0915,1302.6223,1726.8572,425.2789,1048.0,7281.9451,-8784.7989,464.5491,3881.4063,7129.0408,1207.2594,2271.323,12884.9374,11841.6886,2421.2851,34258.3596,2838.751,2685.4657,9217.9679,0.0,0.0,6472.1397,10004441.0,36904697.0,23067975.0,23661258.0,100618.8756
Spain,2012,98.89,26.7876,1051.4453,1592.1017,424.2555,996.0,6572.9843,-8784.7989,464.5491,3991.4093,7050.758,1245.2485,2239.7952,12896.7314,12840.1324,2612.168,32528.5868,2791.4238,2611.2748,9074.3108,0.0,0.0,7336.5533,9886091.0,36971313.0,23051083.0,23704999.0,99660.6069
